There lived a	tailor	1
lived a tailor	who	1
a tailor who	had	1
tailor who had	only	1
who had only	one	1
had only one	son	1
only one son	,	1
one son ,	and	1
son , and	he	1
, and he	was	1
, and he	told	1
, and he	went	1
, and he	called	1
, and he	sprang	1
, and he	did	1
, and he	brought	1
and he was	extremely	1
he was extremely	small	1
was extremely small	,	1
extremely small ,	not	1
small , not	any	1
, not any	larger	1
not any larger	than	1
any larger than	your	1
larger than your	thumb	1
than your thumb	,	1
your thumb ,	and	1
thumb , and	so	1
, and so	was	1
, and so	went	1
and so was	called	1
so was called	Tom	1
was called Tom	Thumb	1
called Tom Thumb	.	1
Tom Thumb .	However	1
Tom Thumb .	So	1
Thumb . However	,	1
. However ,	he	2
. However ,	the	1
However , he	was	1
However , he	could	1
, he was	a	1
, he was	caught	1
, he was	no	1
, he was	forced	1
, he was	taken	1
he was a	courageous	1
was a courageous	little	1
a courageous little	fellow	1
courageous little fellow	,	1
little fellow ,	and	2
little fellow ,	desiring	1
fellow , and	he	2
and he told	his	1
and he told	their	1
he told his	father	1
told his father	,	1
his father ,	"""Father"	1
"father , ""Father"	,	1
", ""Father ,"	I	1
"""Father , I"	am	1
, I am	determined	1
, I am	down	1
, I am	bringing	1
I am determined	to	1
am determined to	go	1
determined to go	into	1
to go into	the	1
go into the	world	1
into the world	to	1
the world to	seek	1
world to seek	my	1
to seek my	fortune	1
seek my fortune	.	1
my fortune .	""""	1
"fortune . """	"""Very"	1
". "" ""Very"	well	1
""" ""Very well"	,	1
"""Very well ,"	my	1
well , my	son	1
, my son	,	1
my son ,	""""	1
"son , """	answered	1
", "" answered"	the	1
", "" answered"	Reynard	1
""" answered the"	old	1
answered the old	man	1
the old man	,	1
old man ,	and	1
man , and	taking	1
, and taking	a	1
and taking a	big	1
taking a big	darning	1
a big darning	needle	1
big darning needle	,	1
darning needle ,	he	1
needle , he	made	1
, he made	a	1
, he made	fun	1
he made a	top	1
made a top	to	1
a top to	it	1
top to it	of	1
to it of	sealing	1
it of sealing	wax	1
of sealing wax	,	1
sealing wax ,	and	1
wax , and	gave	1
, and gave	it	1
and gave it	to	1
gave it to	Tom	1
it to Tom	Thumb	1
to Tom Thumb	,	1
Tom Thumb ,	saying:	1
Tom Thumb ,	thanking	1
Tom Thumb ,	who	1
Thumb , saying:	"""There"	1
", saying: ""There"	is	1
"saying: ""There is"	a	1
"""There is a"	sword	1
is a sword	for	1
a sword for	you	1
sword for you	to	1
for you to	use	1
you to use	to	1
to use to	defend	1
use to defend	yourself	1
to defend yourself	on	1
defend yourself on	your	1
yourself on your	journeyings	1
on your journeyings	.	1
your journeyings .	""""	1
"journeyings . """	Then	1
". "" Then"	the	1
""" Then the"	little	1
Then the little	fellow	1
the little fellow	,	2
the little fellow	continued	1
fellow , desiring	to	1
, desiring to	dine	1
desiring to dine	once	1
to dine once	more	1
dine once more	with	1
once more with	his	1
more with his	parents	1
with his parents	,	1
his parents ,	popped	1
parents , popped	into	1
, popped into	the	1
popped into the	kitchen	1
into the kitchen	to	1
the kitchen to	find	1
kitchen to find	out	1
to find out	what	1
find out what	his	1
out what his	mother	1
what his mother	was	1
his mother was	preparing	1
mother was preparing	for	1
was preparing for	his	1
preparing for his	last	1
for his last	dinner	1
his last dinner	at	1
last dinner at	home	1
dinner at home	.	1
at home .	All	1
home . All	the	1
. All the	dishes	1
All the dishes	were	1
the dishes were	ready	1
dishes were ready	to	1
were ready to	be	1
ready to be	taken	1
to be taken	in	1
be taken in	,	1
taken in ,	and	1
in , and	they	1
, and they	were	1
and they were	standing	1
they were standing	upon	1
were standing upon	the	1
standing upon the	hearth	1
upon the hearth	.	1
the hearth .	"""What"	1
"hearth . ""What"	is	1
". ""What is"	it	1
"""What is it"	you	1
is it you	have	1
it you have	for	1
you have for	dinner	1
have for dinner	,	1
for dinner ,	dear	1
dinner , dear	mother?	1
, dear mother?	""""	1
"dear mother? """	he	1
"mother? "" he"	inquired	1
""" he inquired"	.	2
he inquired .	"""You"	1
he inquired .	"""In"	1
"inquired . ""You"	can	1
". ""You can"	look	1
"""You can look"	for	1
can look for	yourself	1
look for yourself	,	1
for yourself ,	""""	1
"yourself , """	she	1
", "" she"	replied	1
""" she replied"	.	1
she replied .	Then	1
replied . Then	Tom	1
. Then Tom	sprang	1
Then Tom sprang	up	1
Tom sprang up	on	1
sprang up on	to	1
up on to	the	1
on to the	hob	1
to the hob	,	1
the hob ,	and	1
hob , and	peeped	1
, and peeped	into	1
and peeped into	all	1
peeped into all	the	1
into all the	dishes	1
all the dishes	,	1
the dishes ,	but	1
dishes , but	over	1
, but over	one	1
but over one	he	1
over one he	leant	1
one he leant	so	1
he leant so	far	1
leant so far	,	1
so far ,	that	1
far , that	he	1
, that he	was	1
, that he	attracted	1
, that he	stayed	1
that he was	carried	1
he was carried	up	1
was carried up	by	1
carried up by	the	1
up by the	steam	1
by the steam	through	1
the steam through	the	1
steam through the	chimney	1
through the chimney	,	1
the chimney ,	and	1
the chimney ,	which	1
chimney , and	then	1
, and then	for	1
and then for	some	1
then for some	distance	1
for some distance	he	1
some distance he	floated	1
distance he floated	on	1
he floated on	the	1
floated on the	smoke	1
on the smoke	,	1
the smoke ,	but	1
smoke , but	after	1
, but after	a	1
but after a	while	1
after a while	he	2
a while he	fell	1
a while he	took	1
while he fell	upon	1
he fell upon	the	1
fell upon the	ground	1
upon the ground	once	1
the ground once	more	1
ground once more	.	1
once more .	Now	1
more . Now	,	1
. Now ,	at	1
Now , at	last	1
, at last	,	1
, at last	he	1
at last ,	Tom	1
last , Tom	Thumb	1
, Tom Thumb	was	1
, Tom Thumb	consented	1
Tom Thumb was	really	1
Tom Thumb was	too	1
Thumb was really	out	1
was really out	in	1
really out in	the	1
out in the	wide	1
in the wide	world	1
the wide world	,	1
wide world ,	and	1
world , and	he	1
and he went	on	1
he went on	cheerily	1
went on cheerily	,	1
on cheerily ,	and	1
cheerily , and	after	1
, and after	a	1
and after a	time	1
after a time	was	1
a time was	engaged	1
time was engaged	by	1
was engaged by	a	1
engaged by a	master	1
by a master	tailor	1
a master tailor	;	1
master tailor ;	but	1
tailor ; but	here	1
; but here	the	1
but here the	food	1
here the food	was	1
the food was	not	1
food was not	so	1
was not so	good	1
not so good	as	1
so good as	his	1
good as his	mother's	1
as his mother's	,	1
his mother's ,	and	1
mother's , and	it	1
, and it	was	1
and it was	not	1
it was not	to	1
was not to	his	1
not to his	taste	1
to his taste	.	1
his taste .	So	1
taste . So	he	1
. So he	said	1
So he said	,	1
he said ,	"""Mistress"	1
"said , ""Mistress"	,	1
", ""Mistress ,"	if	1
"""Mistress , if"	you	1
, if you	will	1
if you will	not	1
you will not	give	1
will not give	me	1
not give me	better	1
give me better	things	1
me better things	to	1
better things to	eat	1
things to eat	,	1
to eat ,	I	1
eat , I	shall	1
, I shall	chalk	1
I shall chalk	upon	1
shall chalk upon	your	1
chalk upon your	door	1
upon your door	,	1
your door ,	'Too	1
door , 'Too	many	1
, 'Too many	potatoes	1
'Too many potatoes	,	1
many potatoes ,	and	1
potatoes , and	not	1
, and not	enough	1
and not enough	meat	1
not enough meat	.	1
enough meat .	Good-bye	1
meat . Good-bye	,	1
. Good-bye ,	potato-mill	1
Good-bye , potato-mill	.'	1
, potato-mill .'	""""	1
"potato-mill .' """	"""I"	1
".' "" ""I"	should	1
""" ""I should"	like	1
"""I should like"	to	1
should like to	know	1
like to know	what	1
to know what	you	1
know what you	want	1
what you want	,	1
you want ,	you	1
want , you	little	1
, you little	grasshopper!	1
you little grasshopper!	""""	1
"little grasshopper! """	cried	1
"grasshopper! "" cried"	the	1
""" cried the"	woman	1
cried the woman	very	1
the woman very	angrily	1
woman very angrily	,	1
very angrily ,	and	1
angrily , and	she	1
, and she	seized	1
and she seized	a	1
she seized a	shred	1
seized a shred	of	1
a shred of	cloth	1
shred of cloth	to	1
of cloth to	strike	1
cloth to strike	him	1
to strike him	;	1
strike him ;	however	1
him ; however	,	1
; however ,	the	1
however , the	tiny	1
, the tiny	tailor	1
the tiny tailor	popped	1
tiny tailor popped	under	1
tailor popped under	a	1
popped under a	thimble	1
under a thimble	,	1
a thimble ,	and	1
thimble , and	from	1
, and from	it	1
, and from	out	1
and from it	he	1
from it he	peeped	1
it he peeped	,	1
he peeped ,	putting	1
peeped , putting	out	1
, putting out	his	1
putting out his	tongue	1
out his tongue	at	1
his tongue at	the	1
tongue at the	mistress	1
at the mistress	.	1
the mistress .	So	1
mistress . So	she	1
. So she	took	1
So she took	up	1
she took up	the	1
took up the	thimble	1
up the thimble	,	1
the thimble ,	meaning	1
thimble , meaning	to	1
, meaning to	catch	1
meaning to catch	him	1
to catch him	,	1
catch him ,	but	1
him , but	Tom	1
, but Tom	Thumb	1
but Tom Thumb	hid	1
Tom Thumb hid	himself	1
Thumb hid himself	amongst	1
hid himself amongst	the	1
himself amongst the	shreds	1
amongst the shreds	of	1
the shreds of	cloth	1
shreds of cloth	,	1
of cloth ,	and	1
cloth , and	when	1
, and when	she	1
and when she	began	1
when she began	to	1
she began to	search	1
began to search	through	1
to search through	those	1
search through those	,	1
through those ,	he	1
those , he	slipped	1
, he slipped	into	1
he slipped into	a	1
slipped into a	crack	1
into a crack	in	1
a crack in	the	1
crack in the	table	1
in the table	,	1
the table ,	but	1
table , but	put	1
, but put	out	1
but put out	his	1
put out his	head	1
out his head	to	1
out his head	it	1
his head to	laugh	1
head to laugh	at	1
to laugh at	her	1
laugh at her	;	1
at her ;	so	1
her ; so	she	1
; so she	tried	1
so she tried	again	1
she tried again	to	1
tried again to	hit	1
again to hit	him	1
to hit him	with	1
hit him with	the	1
him with the	shred	1
with the shred	,	1
the shred ,	but	1
shred , but	did	1
, but did	not	1
but did not	succeed	1
did not succeed	in	1
not succeed in	doing	1
succeed in doing	so	1
in doing so	,	1
doing so ,	for	1
so , for	he	1
, for he	slipped	1
, for he	was	2
for he slipped	through	1
he slipped through	the	1
slipped through the	crack	2
through the crack	into	1
through the crack	,	1
the crack into	the	1
crack into the	table	1
into the table	drawer	1
the table drawer	.	1
table drawer .	At	1
drawer . At	last	1
. At last	,	1
At last ,	though	1
last , though	,	1
, though ,	he	1
though , he	was	1
he was caught	,	1
was caught ,	and	1
caught , and	driven	1
, and driven	out	1
and driven out	of	1
driven out of	the	1
out of the	house	1
out of the	window	1
out of the	sausage	1
of the house	.	1
the house .	So	1
house . So	the	1
. So the	little	1
. So the	fox	1
So the little	fellow	1
little fellow continued	his	1
fellow continued his	travels	1
continued his travels	,	1
continued his travels	.	1
his travels ,	and	1
his travels ,	rejoicing	1
travels , and	presently	1
, and presently	entering	1
and presently entering	a	1
presently entering a	thick	1
entering a thick	forest	1
a thick forest	,	1
thick forest ,	he	1
forest , he	encountered	1
, he encountered	a	1
he encountered a	company	1
encountered a company	of	1
a company of	robbers	1
company of robbers	who	1
of robbers who	were	1
robbers who were	plotting	1
robbers who were	waiting	1
who were plotting	to	1
were plotting to	steal	1
plotting to steal	the	1
to steal the	king's	1
steal the king's	treasure	1
the king's treasure	.	1
king's treasure .	As	1
treasure . As	soon	1
. As soon	as	1
As soon as	they	1
soon as they	saw	1
as they saw	the	1
they saw the	little	1
saw the little	tailor	1
the little tailor	,	3
the little tailor	was	1
little tailor ,	they	1
little tailor ,	for	1
little tailor ,	"""it"	1
tailor , they	said	1
, they said	to	1
they said to	themselves	1
said to themselves	,	1
to themselves ,	"""A"	1
"themselves , ""A"	little	1
", ""A little"	fellow	1
"""A little fellow"	like	1
little fellow like	this	1
fellow like this	could	1
like this could	creep	1
this could creep	through	1
could creep through	a	1
creep through a	keyhole	1
through a keyhole	,	1
a keyhole ,	and	1
keyhole , and	aid	1
, and aid	us	1
and aid us	greatly	1
aid us greatly	.	1
us greatly .	""""	1
"greatly . """	So	1
". "" So"	one	1
". "" So"	Tom	1
""" So one"	called	1
So one called	out—	1
one called out—	"""Hullo"	1
"called out— ""Hullo"	,	1
"out— ""Hullo ,"	little	1
"""Hullo , little"	man	1
, little man	,	1
little man ,	will	1
man , will	you	1
, will you	come	1
will you come	with	1
you come with	us	1
come with us	to	1
with us to	the	1
us to the	king's	1
to the king's	treasury?	1
to the king's	treasury	1
the king's treasury?	Certainly	1
king's treasury? Certainly	a	1
treasury? Certainly a	Goliath	1
Certainly a Goliath	like	1
a Goliath like	you	1
Goliath like you	could	1
like you could	creep	1
you could creep	in	1
could creep in	with	1
creep in with	ease	1
in with ease	,	1
with ease ,	and	1
ease , and	throw	1
, and throw	out	1
and throw out	the	1
throw out the	coins	1
out the coins	to	2
the coins to	us	1
the coins to	the	1
coins to us	.	1
to us .	""""	1
"us . """	After	1
". "" After"	considering	1
""" After considering"	awhile	1
After considering awhile	,	1
considering awhile ,	Tom	1
awhile , Tom	Thumb	1
Tom Thumb consented	,	1
Thumb consented ,	and	1
consented , and	accompanied	1
, and accompanied	them	1
and accompanied them	to	1
accompanied them to	the	1
them to the	king's	1
the king's treasury	.	1
king's treasury .	From	1
treasury . From	top	1
. From top	to	1
From top to	bottom	1
top to bottom	they	1
to bottom they	inspected	1
bottom they inspected	the	1
they inspected the	door	1
inspected the door	to	1
the door to	discover	1
door to discover	a	1
to discover a	crack	1
discover a crack	large	1
a crack large	enough	1
crack large enough	for	1
large enough for	him	1
enough for him	to	1
for him to	get	1
him to get	through	1
to get through	,	1
get through ,	and	1
through , and	soon	1
, and soon	found	1
, and soon	observed	1
and soon found	one	1
soon found one	.	1
found one .	He	1
one . He	was	1
. He was	for	1
He was for	going	1
was for going	in	1
for going in	directly	1
going in directly	,	1
in directly ,	but	1
directly , but	one	1
, but one	of	1
but one of	the	1
one of the	sentinels	1
of the sentinels	happening	1
of the sentinels	;	1
the sentinels happening	to	1
sentinels happening to	catch	1
happening to catch	sight	1
to catch sight	of	1
catch sight of	him	1
sight of him	,	1
of him ,	exclaimed:	1
him , exclaimed:	"""Here"	1
", exclaimed: ""Here"	is	1
"exclaimed: ""Here is"	indeed	1
"""Here is indeed"	an	1
is indeed an	ugly	1
indeed an ugly	spider	1
an ugly spider	;	1
ugly spider ;	I	1
spider ; I	will	1
; I will	crush	1
I will crush	it	1
will crush it	with	1
crush it with	my	1
it with my	foot	1
with my foot	.	1
my foot .	""""	1
"foot . """	"""Leave"	1
". "" ""Leave"	the	1
""" ""Leave the"	poor	1
"""Leave the poor"	creature	1
the poor creature	alone	1
poor creature alone	,	1
creature alone ,	""""	1
"alone , """	the	1
", "" the"	other	1
""" the other"	said	1
the other said	;	1
other said ;	"""it"	1
"said ; ""it"	has	1
"; ""it has"	not	1
"""it has not"	done	1
has not done	you	1
not done you	any	1
done you any	harm	1
you any harm	.	1
any harm .	""""	1
"harm . """	So	1
""" So Tom"	Thumb	1
So Tom Thumb	slipped	1
Tom Thumb slipped	through	1
Thumb slipped through	the	1
the crack ,	and	1
crack , and	made	1
, and made	his	1
and made his	way	1
made his way	to	1
his way to	the	1
way to the	treasury	1
to the treasury	.	1
the treasury .	Then	1
treasury . Then	he	1
. Then he	opened	1
Then he opened	the	1
he opened the	window	1
opened the window	,	1
the window ,	and	1
the window ,	but	1
window , and	cast	1
, and cast	out	1
and cast out	the	1
cast out the	coins	1
coins to the	robbers	1
to the robbers	who	1
to the robbers	,	1
the robbers who	were	1
who were waiting	below	1
were waiting below	.	1
waiting below .	While	1
below . While	the	1
. While the	little	1
While the little	tailor	1
little tailor was	engaged	1
tailor was engaged	in	1
was engaged in	this	1
engaged in this	exciting	1
in this exciting	employment	1
this exciting employment	,	1
exciting employment ,	he	1
employment , he	heard	1
, he heard	the	1
he heard the	king	1
heard the king	coming	1
the king coming	to	1
king coming to	inspect	1
coming to inspect	his	1
to inspect his	treasure	1
inspect his treasure	,	1
his treasure ,	so	1
treasure , so	as	1
, so as	quickly	1
so as quickly	as	1
as quickly as	possible	1
quickly as possible	he	1
quickly as possible	they	1
as possible he	crept	1
possible he crept	out	1
he crept out	of	1
crept out of	sight	1
out of sight	.	1
of sight .	The	1
sight . The	king	1
. The king	noticed	1
The king noticed	that	1
king noticed that	his	1
noticed that his	treasure	1
that his treasure	had	1
his treasure had	been	1
treasure had been	disarranged	1
had been disarranged	,	1
been disarranged ,	and	1
disarranged , and	soon	1
and soon observed	that	1
soon observed that	coins	1
observed that coins	were	1
that coins were	missing:	1
coins were missing:	but	1
were missing: but	he	1
missing: but he	was	1
but he was	utterly	1
he was utterly	unable	1
was utterly unable	to	1
utterly unable to	think	1
unable to think	how	1
to think how	they	1
think how they	could	1
how they could	have	1
they could have	been	1
could have been	stolen	1
have been stolen	,	1
been stolen ,	for	1
stolen , for	the	1
, for the	locks	1
for the locks	and	1
the locks and	bolts	1
locks and bolts	had	1
and bolts had	not	1
bolts had not	been	1
had not been	tampered	1
not been tampered	with	1
been tampered with	,	1
tampered with ,	and	1
with , and	everything	1
, and everything	was	1
and everything was	well	1
everything was well	fastened	1
was well fastened	.	1
well fastened .	On	1
fastened . On	going	1
. On going	from	1
On going from	the	1
going from the	treasury	1
from the treasury	,	1
the treasury ,	he	1
treasury , he	warned	1
, he warned	the	1
he warned the	two	1
warned the two	sentinels	1
the two sentinels	,	1
two sentinels ,	saying—	1
sentinels , saying—	"""Be"	1
", saying— ""Be"	on	1
"saying— ""Be on"	the	1
"""Be on the"	watch	1
on the watch	,	1
the watch ,	some	1
watch , some	one	1
, some one	is	1
some one is	after	1
one is after	the	1
is after the	money	1
after the money	,	1
the money ,	""""	1
"money , """	and	1
", "" and"	quite	1
""" and quite"	soon	1
and quite soon	,	1
quite soon ,	on	1
soon , on	Tom	1
, on Tom	Thumb	1
on Tom Thumb	setting	1
Tom Thumb setting	to	1
Thumb setting to	work	1
setting to work	again	1
to work again	,	1
work again ,	they	1
again , they	heard	1
, they heard	very	1
they heard very	clearly	1
heard very clearly	the	1
very clearly the	coins	1
clearly the coins	ringing	1
the coins ringing	,	1
coins ringing ,	chink	1
ringing , chink	,	1
, chink ,	chank	1
chink , chank	,	1
, chank ,	as	1
chank , as	they	1
, as they	struck	1
as they struck	one	1
they struck one	against	1
struck one against	the	1
one against the	other	1
against the other	.	1
the other .	As	1
other . As	quickly	1
. As quickly	as	1
As quickly as	possible	1
as possible they	unfastened	1
possible they unfastened	the	1
they unfastened the	building	1
unfastened the building	and	1
the building and	went	1
building and went	in	1
and went in	,	1
went in ,	hoping	1
in , hoping	to	1
, hoping to	take	1
, hoping to	find	1
hoping to take	the	1
to take the	thief	1
take the thief	.	1
the thief .	But	1
thief . But	Tom	1
. But Tom	Thumb	1
. But Tom	did	1
But Tom Thumb	was	1
Thumb was too	quick	1
was too quick	for	1
too quick for	them	1
quick for them	,	1
for them ,	he	1
them , he	sprang	1
, he sprang	into	1
he sprang into	a	1
sprang into a	corner	1
into a corner	,	1
a corner ,	and	1
corner , and	hiding	1
, and hiding	himself	1
and hiding himself	behind	1
hiding himself behind	a	1
himself behind a	coin	1
behind a coin	,	1
a coin ,	so	1
coin , so	that	1
, so that	nothing	1
so that nothing	of	1
that nothing of	him	1
nothing of him	was	1
of him was	visible	1
him was visible	,	1
was visible ,	he	1
visible , he	made	1
he made fun	of	1
made fun of	the	1
fun of the	sentinels	1
the sentinels ;	crying	1
sentinels ; crying	"""I"	1
"; crying ""I"	am	1
"crying ""I am"	here!	1
"""I am here!"	""""	1
"am here! """	Then	1
"here! "" Then"	when	1
""" Then when"	the	1
Then when the	men	1
Then when the	father	1
when the men	hurried	1
the men hurried	to	1
men hurried to	the	1
hurried to the	spot	1
to the spot	where	1
the spot where	the	1
spot where the	voice	1
where the voice	came	2
the voice came	from	2
voice came from	,	1
voice came from	.	1
came from ,	he	1
from , he	was	1
he was no	longer	1
was no longer	there	1
no longer there	,	1
longer there ,	but	1
there , but	from	1
, but from	a	1
but from a	different	1
from a different	place	1
a different place	cried	1
different place cried	out:	1
place cried out:	"""Ha"	1
"cried out: ""Ha"	,	1
"out: ""Ha ,"	Ha!	1
"""Ha , Ha!"	here	1
, Ha! here	I	1
Ha! here I	am!	1
here I am!	""""	1
"I am! """	So	1
"am! "" So"	the	1
""" So the"	sentinels	1
So the sentinels	kept	1
the sentinels kept	jumping	1
sentinels kept jumping	about	1
kept jumping about	,	1
jumping about ,	but	1
about , but	so	1
, but so	cleverly	1
but so cleverly	did	1
so cleverly did	Tom	1
cleverly did Tom	move	1
did Tom move	from	1
Tom move from	one	1
move from one	spot	1
from one spot	to	1
one spot to	another	1
spot to another	,	1
to another ,	that	1
another , that	they	1
, that they	were	1
that they were	obliged	1
they were obliged	to	1
were obliged to	run	1
obliged to run	around	1
to run around	the	1
run around the	whole	1
around the whole	time	1
the whole time	,	1
whole time ,	hoping	1
time , hoping	to	1
hoping to find	somebody	1
to find somebody	,	1
find somebody ,	until	1
somebody , until	at	1
, until at	length	1
until at length	,	1
at length ,	quite	1
length , quite	tired	1
, quite tired	out	1
quite tired out	,	1
tired out ,	they	1
out , they	went	1
, they went	off	1
they went off	.	1
went off .	Then	1
off . Then	Tomb	1
. Then Tomb	Thumb	1
Then Tomb Thumb	went	1
Tomb Thumb went	on	1
Thumb went on	with	1
went on with	his	1
on with his	work	1
with his work	,	1
his work ,	and	1
work , and	one	1
, and one	after	1
and one after	another	1
one after another	he	1
after another he	threw	1
another he threw	all	1
he threw all	the	1
threw all the	coins	1
all the coins	out	1
the coins out	of	1
coins out of	the	1
of the window	,	1
window , but	the	1
, but the	very	1
but the very	last	1
the very last	he	1
very last he	sounded	1
last he sounded	and	1
he sounded and	rang	1
sounded and rang	with	1
and rang with	all	1
rang with all	his	1
with all his	might	1
all his might	and	1
his might and	springing	1
might and springing	nimbly	1
and springing nimbly	upon	1
springing nimbly upon	it	1
nimbly upon it	,	1
upon it ,	so	1
it , so	flew	1
, so flew	through	1
so flew through	the	1
flew through the	window	1
through the window	.	1
the window .	The	1
window . The	robbers	1
. The robbers	were	1
The robbers were	loud	1
robbers were loud	in	1
were loud in	their	1
loud in their	praises	1
in their praises	.	1
their praises .	"""Indeed"	1
"praises . ""Indeed"	you	1
". ""Indeed you"	are	1
"""Indeed you are"	a	1
you are a	brave	1
are a brave	fellow	1
a brave fellow	,	1
brave fellow ,	""""	1
"fellow , """	they	1
", "" they"	said	1
""" they said"	,	1
they said ,	"""will"	1
"said , ""will"	you	1
", ""will you"	be	1
"""will you be"	our	1
you be our	captain?	1
be our captain?	""""	1
"our captain? """	Tom	1
"captain? "" Tom"	Thumb	1
""" Tom Thumb"	,	1
Thumb , thanking	them	1
, thanking them	,	1
thanking them ,	declined	1
them , declined	this	1
, declined this	honor	1
declined this honor	,	1
this honor ,	for	1
honor , for	he	1
for he was	anxious	1
for he was	about	1
he was anxious	to	1
was anxious to	see	1
anxious to see	more	1
to see more	of	1
see more of	the	1
more of the	world	1
of the world	.	1
the world .	Then	1
world . Then	the	1
. Then the	booty	1
Then the booty	was	1
the booty was	apportioned	1
booty was apportioned	out	1
was apportioned out	,	1
apportioned out ,	but	1
out , but	only	1
, but only	a	1
but only a	ducat	1
only a ducat	was	1
a ducat was	given	1
ducat was given	to	1
was given to	the	1
given to the	little	1
to the little	tailor	1
tailor , for	that	1
, for that	was	1
for that was	as	1
that was as	much	1
was as much	as	1
as much as	he	1
much as he	could	1
as he could	carry	1
he could carry	.	1
could carry .	So	1
carry . So	Tom	1
. So Tom	girded	1
So Tom girded	on	1
Tom girded on	his	1
girded on his	sword	1
on his sword	again	1
his sword again	,	1
sword again ,	and	1
again , and	bidding	1
, and bidding	farewell	1
and bidding farewell	to	1
bidding farewell to	the	1
farewell to the	robbers	1
the robbers ,	continued	1
robbers , continued	his	1
, continued his	travels	1
his travels .	He	1
travels . He	tried	1
. He tried	to	1
He tried to	get	1
tried to get	work	1
to get work	under	1
get work under	various	1
work under various	masters	1
under various masters	,	1
various masters ,	but	1
masters , but	they	1
, but they	would	1
but they would	have	1
they would have	nothing	1
would have nothing	to	1
have nothing to	do	1
nothing to do	with	1
to do with	him	1
do with him	,	1
with him ,	so	1
him , so	after	1
, so after	a	1
so after a	while	1
while he took	service	1
he took service	at	1
took service at	an	1
service at an	inn	1
at an inn	.	1
an inn .	But	1
inn . But	the	1
. But the	maids	1
But the maids	there	1
the maids there	disliked	1
maids there disliked	him	1
there disliked him	,	1
disliked him ,	for	1
him , for	he	1
he was about	everywhere	1
was about everywhere	,	1
about everywhere ,	and	1
everywhere , and	saw	1
, and saw	all	1
and saw all	that	1
saw all that	went	1
all that went	on	1
that went on	,	1
went on ,	without	1
on , without	being	1
, without being	seen	1
without being seen	himself	1
being seen himself	;	1
seen himself ;	and	1
himself ; and	he	1
; and he	told	1
he told their	mistress	1
told their mistress	of	1
their mistress of	their	1
mistress of their	dishonest	1
of their dishonest	ways	1
their dishonest ways	,	1
dishonest ways ,	of	1
ways , of	what	1
, of what	was	1
of what was	taken	1
what was taken	off	1
was taken off	the	1
taken off the	plates	1
off the plates	,	1
the plates ,	and	1
plates , and	from	1
and from out	the	1
from out the	cellars	1
out the cellars	.	1
the cellars .	So	1
cellars . So	they	1
. So they	threatened	1
So they threatened	they	1
they threatened they	would	1
threatened they would	drown	1
they would drown	him	1
would drown him	,	1
drown him ,	if	1
him , if	they	1
, if they	caught	1
if they caught	him	1
they caught him	,	1
caught him ,	and	1
him , and	determined	1
him , and	he	1
, and determined	to	1
and determined to	do	1
determined to do	him	1
to do him	some	1
do him some	harm	1
him some harm	.	1
some harm .	Then	1
harm . Then	,	1
. Then ,	one	1
Then , one	day	1
, one day	,	1
one day ,	a	1
day , a	maid	1
, a maid	mowing	1
a maid mowing	in	1
maid mowing in	the	1
mowing in the	garden	1
in the garden	saw	1
the garden saw	Tom	1
garden saw Tom	Thumb	1
saw Tom Thumb	running	1
Tom Thumb running	in	1
Thumb running in	and	1
running in and	out	1
in and out	between	1
and out between	the	1
out between the	blades	1
between the blades	of	1
the blades of	grass	1
blades of grass	,	1
of grass ,	so	1
grass , so	she	1
, so she	cut	1
so she cut	the	1
she cut the	grass	1
cut the grass	,	1
the grass ,	in	1
grass , in	great	1
, in great	haste	1
in great haste	,	1
great haste ,	just	1
haste , just	where	1
, just where	he	1
just where he	chanced	1
where he chanced	to	1
he chanced to	be	1
chanced to be	,	1
to be ,	tied	1
be , tied	it	1
, tied it	all	1
tied it all	in	1
it all in	a	1
all in a	bundle	1
in a bundle	,	1
a bundle ,	and	1
bundle , and	,	1
, and ,	without	1
and , without	anyone	1
, without anyone	knowing	1
without anyone knowing	,	1
anyone knowing ,	threw	1
knowing , threw	it	1
, threw it	to	1
threw it to	the	1
it to the	cows	1
to the cows	.	1
the cows .	Then	1
cows . Then	one	1
. Then one	big	1
Then one big	black	1
one big black	cow	1
big black cow	took	1
black cow took	up	1
cow took up	a	1
took up a	mouthful	1
up a mouthful	of	1
a mouthful of	grass	1
mouthful of grass	directly	1
of grass directly	,	1
grass directly ,	with	1
directly , with	Tom	1
, with Tom	in	1
with Tom in	it	1
Tom in it	,	1
in it ,	and	1
it , and	swallowed	1
, and swallowed	it	1
and swallowed it	down	1
swallowed it down	;	1
it down ;	without	1
down ; without	doing	1
; without doing	him	1
without doing him	any	1
doing him any	damage	1
him any damage	,	1
any damage ,	however	1
damage , however	.	1
, however .	But	1
however . But	Tom	1
But Tom did	not	1
Tom did not	approve	1
did not approve	of	1
not approve of	his	1
approve of his	position	1
of his position	,	1
his position ,	for	1
position , for	it	1
, for it	was	1
for it was	pitch	1
it was pitch	dark	1
was pitch dark	down	1
pitch dark down	there	1
dark down there	,	1
down there ,	with	1
there , with	no	1
, with no	light	1
with no light	burning	1
no light burning	.	1
light burning .	When	1
burning . When	milking	1
. When milking	time	1
When milking time	came	1
milking time came	,	1
time came ,	he	1
came , he	shouted—	1
came , he	was	1
, he shouted—	"""Drip"	1
"he shouted— ""Drip"	,	1
"shouted— ""Drip ,"	drap	1
"""Drip , drap"	,	1
, drap ,	drop	1
drap , drop	,	1
, drop ,	Will	1
drop , Will	the	1
, Will the	milking	1
Will the milking	soon	1
the milking soon	stop?	1
milking soon stop?	""""	1
"soon stop? """	but	1
"stop? "" but"	the	1
""" but the"	sound	1
""" but the"	chopper	1
but the sound	of	1
the sound of	the	1
sound of the	milk	1
of the milk	trickling	1
the milk trickling	into	1
milk trickling into	the	1
trickling into the	pail	1
into the pail	prevented	1
the pail prevented	his	1
pail prevented his	voice	1
prevented his voice	being	1
his voice being	heard	1
voice being heard	.	1
being heard .	Not	1
heard . Not	long	1
. Not long	afterwards	1
Not long afterwards	the	1
long afterwards the	master	1
afterwards the master	came	1
the master came	into	1
master came into	the	1
came into the	shed	1
into the shed	,	1
the shed ,	and	1
shed , and	said:	1
, and said:	"""I"	1
"and said: ""I"	will	1
"said: ""I will"	have	1
"""I will have"	that	1
will have that	cow	1
have that cow	killed	1
that cow killed	to-morrow	1
cow killed to-morrow	.	1
killed to-morrow .	""""	1
"to-morrow . """	This	1
". "" This"	put	1
". "" This"	the	1
""" This put"	Tom	1
This put Tom	Thumb	1
put Tom Thumb	into	1
Tom Thumb into	a	1
Thumb into a	great	1
into a great	fright	1
a great fright	,	1
great fright ,	and	1
fright , and	he	1
and he called	out	1
he called out	loudly:	1
called out loudly:	"""Please"	1
"out loudly: ""Please"	let	1
"loudly: ""Please let"	me	1
"""Please let me"	out	1
let me out	,	1
let me out	.	1
me out ,	here	1
out , here	I	1
, here I	am	1
here I am	inside	1
I am inside	.	1
am inside .	""""	1
"inside . """	This	1
""" This the"	master	1
This the master	heard	1
the master heard	plainly	1
master heard plainly	enough	1
heard plainly enough	,	1
plainly enough ,	but	1
enough , but	could	1
, but could	not	1
but could not	make	1
could not make	out	1
not make out	where	1
make out where	the	1
out where the	voice	1
came from .	"""Where"	1
"from . ""Where"	are	1
". ""Where are"	you?	1
"""Where are you?"	""""	1
"are you? """	he	1
"you? "" he"	inquired	1
"inquired . ""In"	the	1
". ""In the"	black	1
"""In the black"	cow	1
the black cow	,	1
black cow ,	""""	1
"cow , """	was	1
", "" was"	the	1
""" was the"	reply	1
was the reply	.	1
the reply .	However	1
reply . However	,	1
However , the	master	1
, the master	could	1
the master could	not	1
master could not	understand	1
could not understand	what	1
not understand what	was	1
understand what was	meant	1
what was meant	,	1
was meant ,	and	1
meant , and	so	1
and so went	away	1
so went away	.	1
went away .	The	1
away . The	following	1
. The following	morning	1
The following morning	the	1
following morning the	cow	1
morning the cow	was	1
the cow was	killed	1
cow was killed	,	1
was killed ,	but	1
killed , but	fortunately	1
, but fortunately	in	1
but fortunately in	the	1
fortunately in the	cutting	1
in the cutting	up	1
the cutting up	the	1
cutting up the	knife	1
up the knife	did	1
the knife did	not	1
knife did not	touch	1
did not touch	Tom	1
not touch Tom	Thumb	1
touch Tom Thumb	,	1
Thumb , who	was	1
, who was	put	1
who was put	aside	1
was put aside	with	1
put aside with	the	1
aside with the	meat	1
with the meat	that	1
the meat that	was	1
meat that was	to	1
that was to	be	1
was to be	made	1
to be made	into	1
be made into	sausages	1
made into sausages	.	1
into sausages .	When	1
sausages . When	the	1
. When the	butcher	1
When the butcher	began	1
the butcher began	chopping	1
butcher began chopping	,	1
began chopping ,	he	1
chopping , he	cried	1
, he cried	as	1
he cried as	loudly	1
cried as loudly	as	1
as loudly as	he	1
loudly as he	could—	1
as he could—	"""Don't"	1
"he could— ""Don't"	chop	1
"could— ""Don't chop"	far	1
"""Don't chop far"	,	1
chop far ,	I	1
far , I	am	1
I am down	beneath	1
am down beneath	,	1
down beneath ,	""""	1
"beneath , """	but	1
", "" but"	the	1
but the chopper	made	1
the chopper made	so	1
chopper made so	much	1
made so much	noise	1
so much noise	,	1
much noise ,	that	1
noise , that	he	1
that he attracted	no	1
he attracted no	attention	1
attracted no attention	.	1
no attention .	It	1
attention . It	was	1
. It was	indeed	1
. It was	very	1
. It was	not	1
It was indeed	a	1
was indeed a	terrible	1
indeed a terrible	situation	1
a terrible situation	for	1
terrible situation for	poor	1
situation for poor	Tom	1
for poor Tom	.	1
poor Tom .	But	1
Tom . But	being	1
. But being	in	1
But being in	danger	1
being in danger	brightens	1
in danger brightens	one's	1
danger brightens one's	wits	1
brightens one's wits	,	1
one's wits ,	and	1
wits , and	he	1
and he sprang	so	1
he sprang so	nimbly	1
sprang so nimbly	,	1
so nimbly ,	this	1
nimbly , this	way	1
, this way	and	1
this way and	that	1
way and that	,	1
and that ,	keeping	1
that , keeping	clear	1
, keeping clear	of	1
keeping clear of	the	1
clear of the	chopper	1
of the chopper	,	1
the chopper ,	that	1
chopper , that	not	1
, that not	a	1
that not a	blow	1
not a blow	struck	1
a blow struck	him	1
blow struck him	,	1
struck him ,	and	1
and he did	not	1
he did not	get	1
did not get	even	1
not get even	a	1
get even a	scratch	1
even a scratch	.	1
a scratch .	However	1
scratch . However	,	1
, he could	not	1
he could not	escape	1
could not escape	,	1
not escape ,	there	1
escape , there	was	1
, there was	no	1
there was no	help	1
was no help	for	1
no help for	it	1
help for it	,	1
for it ,	he	1
it , he	was	1
he was forced	into	1
was forced into	a	1
forced into a	skin	1
into a skin	with	1
a skin with	the	1
skin with the	sausage	1
with the sausage	meat	1
the sausage meat	,	1
sausage meat ,	so	1
meat , so	was	1
, so was	compelled	1
so was compelled	to	1
was compelled to	make	1
compelled to make	himself	1
to make himself	as	1
make himself as	comfortable	1
himself as comfortable	as	1
as comfortable as	might	1
comfortable as might	be	1
as might be	.	1
might be .	It	1
be . It	was	1
It was very	close	1
was very close	quarters	1
very close quarters	,	1
close quarters ,	and	1
quarters , and	besides	1
, and besides	that	1
and besides that	,	1
besides that ,	the	1
that , the	sausages	1
, the sausages	were	1
the sausages were	suspended	1
sausages were suspended	to	1
were suspended to	smoke	1
suspended to smoke	in	1
to smoke in	the	1
smoke in the	chimney	1
in the chimney	,	1
chimney , which	was	1
, which was	by	1
which was by	no	1
was by no	means	1
by no means	entertaining	1
no means entertaining	,	1
means entertaining ,	and	1
entertaining , and	the	1
, and the	time	1
and the time	passed	1
the time passed	slowly	1
time passed slowly	.	1
passed slowly .	When	1
slowly . When	winter	1
. When winter	came	1
When winter came	,	1
winter came ,	he	1
he was taken	down	1
was taken down	for	1
taken down for	a	1
down for a	guest's	1
for a guest's	meal	1
a guest's meal	,	1
guest's meal ,	and	1
meal , and	while	1
, and while	the	1
and while the	hostess	1
while the hostess	was	1
the hostess was	slicing	1
hostess was slicing	the	1
was slicing the	sausage	1
slicing the sausage	he	1
the sausage he	had	1
sausage he had	to	1
he had to	be	1
had to be	on	1
to be on	his	1
be on his	guard	1
on his guard	,	1
his guard ,	lest	1
guard , lest	if	1
, lest if	he	1
lest if he	stretched	1
if he stretched	out	1
he stretched out	his	1
stretched out his	head	1
his head it	might	1
head it might	be	1
it might be	cut	1
might be cut	off	1
be cut off	.	1
cut off .	Watching	1
off . Watching	his	1
. Watching his	opportunity	1
Watching his opportunity	,	1
his opportunity ,	at	1
opportunity , at	last	1
at last he	was	1
last he was	able	1
he was able	to	1
was able to	jump	1
able to jump	out	1
to jump out	of	1
jump out of	the	1
of the sausage	,	1
the sausage ,	and	1
sausage , and	right	1
, and right	glad	1
and right glad	was	1
right glad was	he	1
glad was he	to	1
was he to	be	1
he to be	once	1
to be once	again	1
be once again	in	1
once again in	the	1
again in the	company	1
in the company	of	1
the company of	his	1
company of his	fellow-men	1
of his fellow-men	.	1
his fellow-men .	It	1
fellow-men . It	was	1
It was not	very	1
was not very	long	1
not very long	,	1
very long ,	however	1
long , however	,	1
, however ,	that	1
however , that	he	1
that he stayed	in	1
he stayed in	this	1
stayed in this	house	1
in this house	,	1
this house ,	where	1
house , where	he	1
, where he	had	1
where he had	been	1
he had been	met	1
had been met	by	1
been met by	so	1
met by so	many	1
by so many	misfortunes	1
so many misfortunes	,	1
many misfortunes ,	and	1
misfortunes , and	again	1
, and again	he	1
and again he	set	1
again he set	forth	1
he set forth	on	1
set forth on	his	1
forth on his	travels	1
on his travels	,	1
travels , rejoicing	in	1
, rejoicing in	his	1
rejoicing in his	freedom	1
in his freedom	,	1
his freedom ,	but	1
freedom , but	this	1
, but this	did	1
but this did	not	1
this did not	long	1
did not long	continue	1
not long continue	.	1
long continue .	Swiftly	1
continue . Swiftly	running	1
. Swiftly running	across	1
Swiftly running across	the	1
running across the	field	1
across the field	came	1
the field came	a	1
field came a	fox	1
came a fox	,	1
a fox ,	who	1
fox , who	,	1
, who ,	in	1
who , in	an	1
, in an	instant	1
in an instant	,	1
an instant ,	had	1
instant , had	snapped	1
, had snapped	up	1
had snapped up	poor	1
snapped up poor	little	1
up poor little	Tom	1
poor little Tom	.	1
little Tom .	"""Oh"	1
"Tom . ""Oh"	,	1
". ""Oh ,"	Mr	1
"""Oh , Mr"	.	1
, Mr .	Fox	1
Mr . Fox	,	1
. Fox ,	""""	1
"Fox , """	called	1
", "" called"	out	1
""" called out"	the	1
called out the	little	1
out the little	tailor	1
"tailor , ""it"	is	1
", ""it is"	I	1
"""it is I"	who	1
is I who	am	1
I who am	in	1
who am in	your	1
am in your	throat	1
in your throat	;	1
your throat ;	please	1
throat ; please	let	1
; please let	me	1
please let me	out	1
me out .	""""	1
"out . """	"""Certainly"	1
". "" ""Certainly"	,	1
""" ""Certainly ,"	""""	1
"""Certainly , """	answered	1
""" answered Reynard"	,	1
answered Reynard ,	"""you"	1
"Reynard , ""you"	are	1
", ""you are"	not	1
"""you are not"	a	1
are not a	bit	1
not a bit	better	1
a bit better	than	1
bit better than	nothing	1
better than nothing	at	1
than nothing at	all	1
nothing at all	,	1
at all ,	you	1
all , you	don't	1
, you don't	in	1
you don't in	the	1
don't in the	least	1
in the least	satisfy	1
the least satisfy	me	1
least satisfy me	;	1
satisfy me ;	make	1
me ; make	me	1
; make me	a	1
make me a	promise	1
me a promise	,	1
a promise ,	that	1
promise , that	I	1
, that I	shall	1
that I shall	have	1
I shall have	the	1
shall have the	hens	1
have the hens	in	1
the hens in	your	1
hens in your	father's	1
in your father's	yard	1
your father's yard	,	1
father's yard ,	and	1
yard , and	you	1
, and you	shall	1
and you shall	regain	1
you shall regain	your	1
shall regain your	liberty	1
regain your liberty	.	1
your liberty .	""""	1
"liberty . """	"""Willingly"	1
". "" ""Willingly"	,	1
""" ""Willingly ,"	you	1
"""Willingly , you"	shall	1
, you shall	have	1
you shall have	all	1
shall have all	the	1
have all the	hens	1
all the hens	;	1
all the hens	he	1
the hens ;	I	1
hens ; I	make	1
; I make	you	1
I make you	a	1
make you a	faithful	1
you a faithful	promise	1
a faithful promise	,	1
faithful promise ,	""""	1
"promise , """	responded	1
", "" responded"	Tom	1
""" responded Tom"	Thumb	1
responded Tom Thumb	.	1
Thumb . So	the	1
So the fox	coughed	1
the fox coughed	and	1
fox coughed and	set	1
coughed and set	him	1
and set him	free	1
set him free	,	1
him free ,	and	1
free , and	himself	1
, and himself	carried	1
and himself carried	Tom	1
himself carried Tom	home	1
carried Tom home	.	1
Tom home .	Then	1
home . Then	when	1
. Then when	the	1
when the father	had	1
the father had	his	1
father had his	dear	1
had his dear	little	1
his dear little	son	1
dear little son	once	1
little son once	more	1
son once more	he	1
once more he	gave	1
more he gave	the	1
he gave the	fox	1
gave the fox	all	1
the fox all	his	1
fox all his	hens	1
all his hens	,	1
his hens ,	with	1
hens , with	the	1
, with the	greatest	1
with the greatest	of	1
the greatest of	pleasure	1
greatest of pleasure	.	1
of pleasure .	"""Here"	1
"pleasure . ""Here"	,	1
". ""Here ,"	father	1
"""Here , father"	,	1
, father ,	I	1
father , I	am	1
I am bringing	you	1
am bringing you	a	1
bringing you a	golden	1
you a golden	coin	1
a golden coin	from	1
golden coin from	my	1
coin from my	travels	1
from my travels	,	1
my travels ,	""""	1
"travels , """	said	1
", "" said"	the	1
""" said the"	little	1
said the little	fellow	1
and he brought	out	1
he brought out	the	1
brought out the	ducat	1
out the ducat	the	1
the ducat the	thieves	1
ducat the thieves	had	1
the thieves had	apportioned	1
thieves had apportioned	to	1
had apportioned to	him	1
apportioned to him	.	1
to him .	"""But"	1
"him . ""But"	how	1
". ""But how"	was	1
"""But how was"	it	1
how was it	that	1
was it that	the	1
it that the	fox	1
that the fox	was	1
the fox was	given	1
fox was given	all	1
was given all	the	1
given all the	poor	1
all the poor	little	1
the poor little	hens?	1
poor little hens?	""""	1
"little hens? """	"""Foolish"	1
"hens? "" ""Foolish"	little	1
""" ""Foolish little"	one	1
"""Foolish little one"	,	1
little one ,	don't	1
one , don't	you	1
, don't you	think	1
don't you think	your	1
you think your	father	1
think your father	would	1
your father would	rather	1
father would rather	have	1
would rather have	you	1
rather have you	,	1
have you ,	than	1
you , than	all	1
, than all	the	1
than all the	hens	1
the hens he	ever	1
hens he ever	had	1
he ever had	in	1
ever had in	his	1
had in his	yard?	1
in his yard?	""""	1
